{"lgb_90": {"learning_rate": 0.01088891565857044, "num_leaves": 32, "min_data_in_leaf": 100, "feature_fraction": 0.6014508233358627, "bagging_fraction": 0.9965718311206467, "bagging_freq": 3}, "xgb_90": {"learning_rate": 0.08996371796741831, "max_depth": 5, "subsample": 0.7199417141989107, "colsample_bytree": 0.6200325879288251, "lambda": 4.4274545673114485, "alpha": 0.04957656336375144}, "avg_best_iter_lgb": 397, "avg_best_iter_xgb": 54}